Model,Train RMSE,Test RMSE,Train MAE,Test MAE,Train R²,Test R²
Linear Regression,6.558590248483624e-15,5.732734176145516e-15,5.173972361660617e-15,4.777289674962049e-15,1.0,1.0
Random Forest,0.15270354041471437,2.5933408031194873,0.010892747079425454,2.2749410784615085,0.9998626365582253,0.2891548278286692
